{
  "ABIRoot": {
    "kind": "Root",
    "name": "TopLevel",
    "printedName": "TopLevel",
    "children": [
      {
        "kind": "Import",
        "name": "UIKit",
        "printedName": "UIKit",
        "declKind": "Import",
        "moduleName": "TiPasskeys",
        "declAttributes": [
          "RawDocComment"
        ]
      },
      {
        "kind": "Import",
        "name": "TitaniumKit",
        "printedName": "TitaniumKit",
        "declKind": "Import",
        "moduleName": "TiPasskeys"
      },
      {
        "kind": "Import",
        "name": "AuthenticationServices",
        "printedName": "AuthenticationServices",
        "declKind": "Import",
        "moduleName": "TiPasskeys"
      }
    ],
    "json_format_version": 7
  },
  "ConstValues": []
}